{
  "project_info": {
    "project_number": "1065789941776",
    "firebase_url": "https://event-bc6e7.firebaseio.com",
    "project_id": "event-bc6e7",
    "storage_bucket": "event-bc6e7.appspot.com"
  },
  "client": [
    {
      "client_info": {
        "mobilesdk_app_id": "1:1065789941776:android:5946c0eb6c2bbbbb9b4295",
        "android_client_info": {
          "package_name": "com.example.myapplication"
        }
      },
      "oauth_client": [
        {
          "client_id": "1065789941776-usu3n4f5thk824v639ih50uatbfkfgpm.apps.googleusercontent.com",
          "client_type": 1,
          "android_info": {
            "package_name": "com.example.myapplication",
            "certificate_hash": "c5c91a2aa64a4a1db5fb32a8cc2297efb0b44d8e"
          }
        },
        {
          "client_id": "1065789941776-f1r6eelarnkrmrkl9adrn8tmk16beph0.apps.googleusercontent.com",
          "client_type": 3
        }
      ],
      "api_key": [
        {
          "current_key": "AIzaSyCs7s-KmuT6-oZWXT2bxGy3vrRF4Xyda7Y"
        }
      ],
      "services": {
        "appinvite_service": {
          "other_platform_oauth_client": [
            {
              "client_id": "1065789941776-f1r6eelarnkrmrkl9adrn8tmk16beph0.apps.googleusercontent.com",
              "client_type": 3
            }
          ]
        }
      }
    }
  ],
  "configuration_version": "1"
}